timestamp,total_ms,built,skipped,failed,cache_hit_pct,throughput_files_per_sec
2026-09-03 14:25:03,7.434,2,0,0,0.0,269.0
2026-09-03 14:27:53,1.143,0,2,0,100.0,1750.5
2026-09-03 14:32:31,29256.827,10000,0,0,0.0,341.8
2026-09-03 14:36:02,3815.031,0,10000,0,100.0,2621.2
2026-09-03 14:39:03,3541.530,0,10000,0,100.0,2823.6
2026-09-03 14:40:04,3642.312,0,10000,0,100.0,2745.5
2026-09-04 23:03:09,10451.141,0,10000,0,100.0,956.8
2026-09-04 23:07:33,1287.737,0,10000,0,100.0,7765.6
2026-09-04 23:08:28,1216.766,0,10000,0,100.0,8218.5
2026-09-04 23:10:17,855.894,0,10000,0,100.0,11683.7
2026-09-04 23:10:46,720.730,1,9999,0,100.0,13874.8
2026-09-04 23:11:41,617.271,0,10000,0,100.0,16200.3
2026-09-04 23:13:27,791.878,0,10000,0,100.0,12628.2
2026-09-04 23:13:28,716.858,1,9999,0,100.0,13949.8
2026-09-04 23:13:56,633.782,0,10000,0,100.0,15778.3
2026-09-04 23:13:57,695.066,1,9999,0,100.0,14387.1
2026-09-04 23:13:58,738.697,0,10000,0,100.0,13537.4
2026-09-04 23:13:59,751.586,1,10000,0,100.0,13306.5
2026-09-04 23:14:04,5768.709,10000,0,0,0.0,1733.5
2026-09-04 23:14:08,3909.867,10000,0,0,0.0,2557.6
2026-09-04 23:14:47,620.725,0,10000,0,100.0,16110.2
2026-09-04 23:14:48,671.515,1,9999,0,100.0,14891.7
2026-09-04 23:14:49,590.254,0,10000,0,100.0,16941.9
2026-09-04 23:14:49,601.889,1,10000,0,100.0,16616.0
2026-09-04 23:14:53,3588.574,10000,0,0,0.0,2786.6
2026-09-04 23:14:57,3782.796,10000,0,0,0.0,2643.5
2026-09-04 23:19:48,78.161,0,10000,0,100.0,127940.6
2026-09-04 23:21:55,84.185,0,10000,0,100.0,118786.0
2026-09-04 23:22:06,10.136,0,10000,0,100.0,986572.7
2026-09-04 23:22:48,9.846,0,10000,0,100.0,1015620.2
2026-09-04 23:22:48,13.685,1,9999,0,100.0,730705.7
2026-09-04 23:22:48,14.799,0,10000,0,100.0,675707.6
2026-09-04 23:22:48,13.942,0,10001,0,100.0,717313.5
2026-09-04 23:24:11,11.384,0,10001,0,100.0,878498.3
2026-09-04 23:24:11,13.707,1,10000,0,100.0,729632.5
2026-09-04 23:24:11,14.683,0,10001,0,100.0,681132.5
2026-09-04 23:24:11,15.933,1,10001,0,100.0,627753.7
2026-09-04 23:24:12,984.980,10001,0,0,0.0,10153.5
2026-09-04 23:24:13,974.271,10001,0,0,0.0,10265.1
2026-09-04 23:25:15,12.127,0,10001,0,100.0,824668.3
2026-09-04 23:27:13,16.462,0,10001,0,100.0,607531.4
2026-09-04 23:27:13,20.364,1,10000,0,100.0,491106.9
2026-09-04 23:27:13,21.096,0,10001,0,100.0,474075.4
2026-09-04 23:27:13,19.824,1,10001,0,100.0,504550.1
2026-09-04 23:27:16,2616.885,10001,0,0,0.0,3821.7
2026-09-04 23:27:18,2612.912,10001,0,0,0.0,3827.5
